date,stars,source
2018-04-10,1,stargazers
2018-04-17,2,stargazers
2018-07-02,6,stargazers
2018-07-03,7,stargazers
2018-07-04,8,stargazers
2019-09-26,9,stargazers
2019-12-16,10,stargazers
2019-12-29,12,stargazers
2020-01-02,13,stargazers
2020-01-18,14,stargazers
2020-01-20,15,stargazers
2020-02-17,16,stargazers
2020-03-03,17,stargazers
2020-05-29,18,stargazers
2020-06-28,19,stargazers
2020-07-10,20,stargazers
2020-08-05,21,stargazers
2020-09-30,22,stargazers
2020-11-11,23,stargazers
2021-01-12,24,stargazers
2021-01-14,25,stargazers
2021-03-03,26,stargazers
2021-03-05,27,stargazers
2021-03-25,28,stargazers
2021-05-11,29,stargazers
2021-05-13,30,stargazers
2021-05-14,31,stargazers
2021-05-27,32,stargazers
2021-06-01,33,stargazers
2021-06-10,34,stargazers
2021-06-21,35,stargazers
2021-08-12,36,stargazers
2021-09-17,37,stargazers
2021-09-21,40,stargazers
2021-10-04,41,stargazers
2021-10-24,42,stargazers
2021-10-30,44,stargazers
2021-10-31,45,stargazers
2021-11-03,46,stargazers
2021-11-06,48,stargazers
2021-11-07,49,stargazers
2021-11-17,50,stargazers
2021-11-19,51,stargazers
2021-11-28,52,stargazers
2021-12-04,53,stargazers
2021-12-06,54,stargazers
2022-01-01,55,stargazers
2022-01-06,56,stargazers
2022-01-09,57,stargazers
2022-01-12,58,stargazers
2022-01-14,59,stargazers
2022-01-16,60,stargazers
2022-01-24,61,stargazers
2022-01-27,63,stargazers
2022-01-28,64,stargazers
2022-01-29,65,stargazers
2022-02-13,66,stargazers
2022-02-14,67,stargazers
2022-02-18,68,stargazers
2022-02-21,69,stargazers
2022-03-02,70,stargazers
2022-03-07,71,stargazers
2022-03-15,72,stargazers
2022-03-26,73,stargazers
2022-03-28,74,stargazers
2022-04-07,75,stargazers
2022-04-08,78,stargazers
2022-04-23,79,stargazers
2022-04-26,80,stargazers
2022-05-02,81,stargazers
2022-05-06,82,stargazers
2022-05-07,83,stargazers
2022-05-17,84,stargazers
2022-05-23,85,stargazers
2022-05-24,86,stargazers
2022-06-03,87,stargazers
2022-06-09,88,stargazers
2022-06-15,90,stargazers
2022-06-16,91,stargazers
2022-06-22,92,stargazers
2022-07-04,93,stargazers
2022-07-13,94,stargazers
2022-07-17,95,stargazers
2022-07-21,96,stargazers
2022-07-22,98,stargazers
2022-07-24,99,stargazers
2022-07-31,100,stargazers
2022-08-03,101,stargazers
2022-08-09,102,stargazers
2022-08-10,103,stargazers
2022-08-11,104,stargazers
2022-08-14,105,stargazers
2022-08-17,106,stargazers
2022-08-24,108,stargazers
2022-08-25,110,stargazers
2022-08-27,111,stargazers
2022-08-30,112,stargazers
2022-08-31,114,stargazers
2022-09-11,115,stargazers
2022-09-12,116,stargazers
2022-09-15,117,stargazers
2022-10-05,119,stargazers
2022-10-08,120,stargazers
2022-10-18,121,stargazers
2022-10-20,122,stargazers
2022-10-22,123,stargazers
2022-10-23,124,stargazers
2022-11-02,125,stargazers
2022-11-18,126,stargazers
2022-11-21,127,stargazers
2022-11-22,128,stargazers
2022-11-28,129,stargazers
2022-12-08,130,stargazers
2022-12-12,131,stargazers
2022-12-13,132,stargazers
2022-12-14,133,stargazers
2022-12-15,134,stargazers
2022-12-20,135,stargazers
2022-12-26,136,stargazers
2023-01-05,137,stargazers
2023-01-06,138,stargazers
2023-01-13,139,stargazers
2023-01-15,140,stargazers
2023-01-30,141,stargazers
2023-02-12,142,stargazers
2023-02-14,143,stargazers
2023-02-22,144,stargazers
2023-02-23,145,stargazers
2023-02-24,146,stargazers
2023-02-26,147,stargazers
2023-03-03,148,stargazers
2023-03-06,149,stargazers
2023-03-31,150,stargazers
2023-04-06,151,stargazers
2023-04-09,152,stargazers
2023-04-15,153,stargazers
2023-04-16,154,stargazers
2023-04-18,155,stargazers
2023-04-20,156,stargazers
2023-04-21,157,stargazers
2023-04-30,158,stargazers
2023-05-05,159,stargazers
2023-05-24,161,stargazers
2023-07-02,162,stargazers
2023-07-05,163,stargazers
2023-07-29,164,stargazers
2023-08-04,165,stargazers
2023-08-26,166,stargazers
2023-08-28,167,stargazers
2023-09-06,168,stargazers
2023-09-07,169,stargazers
2023-09-14,170,stargazers
2023-09-19,171,stargazers
2023-09-26,172,stargazers
2023-10-02,173,stargazers
2023-10-26,174,stargazers
2023-10-30,175,stargazers
2023-11-18,176,stargazers
2023-11-20,177,stargazers
2023-12-30,178,stargazers
2024-01-07,180,stargazers
2024-01-08,181,stargazers
2024-01-17,182,stargazers
2024-01-18,183,stargazers
2024-02-02,184,stargazers
2024-02-03,185,stargazers
2024-02-04,186,stargazers
2024-02-12,187,stargazers
2024-02-23,188,stargazers
2024-02-26,189,stargazers
2024-03-04,190,stargazers
2024-03-21,191,stargazers
2024-03-23,192,stargazers
2024-03-28,193,stargazers
2024-04-16,194,stargazers
2024-04-19,196,stargazers
2024-05-04,197,stargazers
2024-05-11,199,stargazers
2024-05-14,200,stargazers
2024-06-01,201,stargazers
2024-06-09,202,stargazers
2024-06-22,203,stargazers
2024-06-28,204,stargazers
2024-07-05,205,stargazers
2024-07-06,207,stargazers
2024-07-08,208,stargazers
2024-07-09,209,stargazers
2024-07-10,210,stargazers
2024-07-12,211,stargazers
2024-07-13,212,stargazers
2024-07-17,213,stargazers
2024-07-21,214,stargazers
2024-07-28,215,stargazers
2024-08-01,216,stargazers
2024-08-08,218,stargazers
2024-08-10,219,stargazers
2024-08-17,220,stargazers
2024-08-25,221,stargazers
2024-09-03,222,stargazers
2024-09-06,223,stargazers
2024-09-09,224,stargazers
2024-09-18,225,stargazers
2024-09-30,226,stargazers
2024-10-09,227,stargazers
2024-10-12,228,stargazers
2024-10-13,229,stargazers
2024-10-15,231,stargazers
2024-10-18,232,stargazers
2024-10-21,233,stargazers
2024-10-23,234,stargazers
2024-10-29,235,stargazers
2024-11-08,236,stargazers
2024-11-17,237,stargazers
2024-11-21,238,stargazers
2024-11-29,239,stargazers
2024-12-19,240,stargazers
2024-12-23,241,stargazers
2024-12-27,242,stargazers
2025-01-01,243,stargazers
2025-01-03,245,stargazers
2025-01-23,246,stargazers
2025-01-28,247,stargazers
2025-01-30,248,stargazers
2025-02-20,249,stargazers
2025-02-28,250,stargazers
2025-03-03,251,stargazers
2025-03-23,252,stargazers
2025-03-24,253,stargazers
2025-03-30,254,stargazers
2025-04-04,256,stargazers
2025-04-19,257,stargazers
2025-04-22,258,stargazers
2025-05-04,259,stargazers
2025-05-09,261,stargazers
2025-05-10,262,stargazers
2025-05-11,263,stargazers
2025-05-12,264,stargazers
2025-05-15,267,stargazers
2025-05-16,268,stargazers
2025-05-17,270,stargazers
2025-05-18,271,stargazers
2025-05-21,272,stargazers
2025-05-23,273,stargazers
2025-05-28,274,stargazers
2025-05-29,275,stargazers
2025-05-30,276,stargazers
2025-06-02,277,stargazers
2025-06-08,278,stargazers
2025-06-15,279,stargazers
2025-06-17,280,stargazers
2025-06-19,281,stargazers
2025-06-23,283,stargazers
2025-07-01,285,stargazers
2025-07-06,286,stargazers
2025-07-08,287,stargazers
2025-07-10,288,stargazers
2025-07-20,289,stargazers
2025-07-23,290,stargazers
2025-07-24,292,stargazers
2025-08-04,293,stargazers
2025-08-05,294,stargazers
2025-08-12,295,stargazers
2025-08-13,296,stargazers
2025-08-14,297,stargazers
2025-08-17,298,stargazers
2025-08-18,299,stargazers
2025-08-20,300,stargazers
2025-08-21,301,stargazers
2025-08-22,302,stargazers
2025-08-25,304,stargazers
2025-08-26,306,stargazers
2025-08-27,307,stargazers
2025-08-29,309,stargazers
2025-08-30,311,stargazers
2025-09-03,312,stargazers
2025-09-04,314,stargazers
2025-09-05,316,stargazers
2025-09-08,317,stargazers
2025-09-09,318,stargazers
2025-09-10,319,stargazers
2025-09-12,320,stargazers
2025-09-15,328,stargazers
2025-09-16,330,stargazers
2025-09-18,333,stargazers
2025-09-19,334,stargazers
2025-09-24,335,stargazers
2025-09-25,336,stargazers
2025-09-26,338,stargazers
2025-09-27,340,stargazers
2025-09-28,341,stargazers
2025-09-29,344,stargazers
2025-09-30,345,stargazers
2025-10-01,346,stargazers
2025-10-03,347,stargazers
2025-10-04,348,stargazers
2025-10-12,349,stargazers
2025-10-14,353,stargazers
2025-10-15,354,stargazers
2025-10-16,355,stargazers
2025-10-17,356,stargazers
2025-10-18,358,stargazers
2025-10-21,360,stargazers
2025-10-22,363,stargazers
2025-10-23,365,stargazers
2025-10-25,366,stargazers
2025-10-27,368,stargazers
2025-10-28,370,stargazers
2025-10-29,371,stargazers
2025-11-01,374,stargazers
2025-11-03,377,stargazers
2025-11-04,378,stargazers
2025-11-06,379,stargazers
2025-11-08,380,stargazers
2025-11-10,382,stargazers
2025-11-11,383,stargazers
2025-11-12,384,stargazers
2025-11-13,386,stargazers
2025-11-16,387,stargazers
2025-11-17,388,stargazers
2025-11-18,389,stargazers
2025-11-19,391,stargazers
2025-11-20,392,stargazers
2025-11-25,393,stargazers
2025-11-28,394,stargazers
2025-11-30,395,stargazers
2025-12-01,396,stargazers
2025-12-02,398,stargazers
2025-12-03,401,stargazers
2025-12-08,402,stargazers
2025-12-09,403,stargazers
2025-12-10,406,stargazers
2025-12-11,408,stargazers
2025-12-13,409,stargazers
2025-12-18,410,stargazers
2025-12-26,413,stargazers
2025-12-28,414,stargazers
2025-12-30,415,stargazers
2025-12-31,418,stargazers
2026-01-01,421,stargazers
2026-01-02,425,stargazers
2026-01-03,426,stargazers
2026-01-05,431,stargazers
2026-01-06,434,stargazers
2026-01-07,436,stargazers
2026-01-08,441,stargazers
2026-01-12,442,stargazers
2026-01-14,443,stargazers
2026-01-16,444,stargazers
2026-01-17,445,stargazers
2026-01-18,446,stargazers
2026-01-19,447,stargazers
2026-01-20,450,stargazers
2026-01-21,452,stargazers
2026-01-22,453,stargazers
2026-01-24,457,stargazers
2026-01-26,458,stargazers
2026-01-27,461,stargazers
2026-01-28,462,stargazers
2026-01-30,463,stargazers
2026-01-31,465,stargazers
2026-02-01,467,stargazers
2026-02-02,468,stargazers
2026-02-03,472,stargazers
2026-02-04,478,stargazers
2026-02-05,481,stargazers
2026-02-06,483,stargazers
2026-02-07,484,stargazers
2026-02-08,485,stargazers
2026-02-09,486,stargazers
2026-02-10,489,stargazers
2026-02-11,491,stargazers
2026-02-12,493,stargazers
2026-02-13,495,stargazers
2026-02-15,497,stargazers
2026-02-16,501,stargazers
2026-02-18,503,stargazers
2026-02-19,504,stargazers
2026-02-20,506,stargazers
2026-02-21,507,stargazers
2026-02-22,510,stargazers
2026-02-24,511,stargazers
2026-02-25,512,stargazers
2026-02-26,513,stargazers
2026-03-01,515,stargazers
2026-03-02,518,stargazers
2026-03-03,519,stargazers
2026-03-04,521,stargazers
2026-03-05,523,stargazers
2026-03-06,524,stargazers
2026-03-07,526,stargazers
2026-03-08,533,stargazers
2026-03-09,536,stargazers
2026-03-10,537,stargazers
2026-03-11,538,stargazers
2026-03-12,541,stargazers
2026-03-13,542,stargazers
2026-03-14,543,stargazers
2026-03-16,544,stargazers
2026-03-18,547,stargazers
2026-03-19,550,stargazers
2026-03-20,553,stargazers
2026-03-22,556,stargazers
2026-03-23,558,stargazers
2026-03-24,559,stargazers
2026-03-25,562,stargazers
2026-03-26,563,stargazers
2026-03-28,565,stargazers
2026-03-29,568,stargazers
2026-03-30,571,stargazers
2026-03-31,572,stargazers
2026-04-01,576,stargazers
2026-04-02,577,stargazers
2026-04-04,578,stargazers
2026-04-05,579,stargazers
2026-04-06,580,stargazers
2026-04-07,581,stargazers
2026-04-09,582,stargazers
2026-04-10,585,stargazers
2026-04-11,586,stargazers
2026-04-12,587,stargazers
2026-04-13,588,stargazers
2026-04-15,589,stargazers
2026-04-19,590,stargazers
2026-04-20,592,stargazers
2026-04-23,597,stargazers
2026-04-24,600,stargazers
2026-04-26,602,stargazers
2026-04-27,603,stargazers
2026-04-30,604,stargazers
2026-05-01,605,stargazers
2026-05-03,607,stargazers
2026-05-04,609,stargazers
2026-05-05,610,stargazers
2026-05-06,611,stargazers
2026-05-07,615,stargazers
2026-05-11,616,stargazers
2026-05-12,618,stargazers
2026-05-14,620,stargazers
2026-05-15,621,stargazers
2026-05-16,622,stargazers
2026-05-19,623,stargazers
2026-05-21,624,stargazers
2026-05-22,626,stargazers
2026-05-23,628,stargazers
2026-05-24,629,stargazers
2026-05-25,630,stargazers
2026-05-26,631,stargazers
2026-05-27,632,stargazers
2026-05-28,633,stargazers
2026-05-29,634,stargazers
2026-05-30,635,stargazers
2026-05-31,782,stargazers
2026-06-01,1010,stargazers
2026-06-02,1051,stargazers
2026-06-03,1083,stargazers
2026-06-04,1098,stargazers
2026-06-05,1112,stargazers
2026-06-06,1115,stargazers
2026-06-07,1121,stargazers
2026-06-08,1127,stargazers
2026-06-09,1133,stargazers
2026-06-10,1138,stargazers
2026-06-12,1140,stargazers
2026-06-13,1143,stargazers
2026-06-14,1150,stargazers
2026-06-15,1174,stargazers
2026-06-16,1179,stargazers
2026-06-17,1187,stargazers
2026-06-18,1188,stargazers
2026-06-19,1189,stargazers
2026-06-20,1194,stargazers
2026-06-21,1197,stargazers
2026-06-22,1201,stargazers
2026-06-23,1206,stargazers
2026-06-25,1211,stargazers
2026-06-26,1213,stargazers
2026-06-27,1215,stargazers
2026-06-28,1217,stargazers
2026-06-29,1223,stargazers
2026-06-30,1226,stargazers
2026-07-01,1229,stargazers
2026-07-02,1230,stargazers
2026-07-03,1234,stargazers
2026-07-04,1236,stargazers
2026-07-05,1239,stargazers
2026-07-06,1247,stargazers
2026-07-07,1249,stargazers
2026-07-08,1251,stargazers
2026-07-09,1253,stargazers
2026-07-10,1254,stargazers
2026-07-12,1256,stargazers
2026-07-14,1259,stargazers
2026-07-15,1261,stargazers
2026-07-17,1262,stargazers
2026-07-18,1265,stargazers
2026-07-19,1266,stargazers
2026-07-20,1270,stargazers
2026-07-21,1272,stargazers
2026-07-22,1275,stargazers
2026-07-23,1277,stargazers
2026-07-24,1280,stargazers
2026-07-25,1281,stargazers
2026-07-26,1290,stargazers
2026-07-27,1347,stargazers
2026-07-28,1367,stargazers
2026-07-29,1371,stargazers
2026-07-30,1377,stargazers
2026-07-31,1380,stargazers
2026-08-01,1384,stargazers
2026-08-02,1388,stargazers
2026-08-03,1390,stargazers
2026-08-05,1391,stargazers
2026-08-06,1392,stargazers
2026-08-07,1393,stargazers
2026-08-08,1396,stargazers
2026-08-09,1399,stargazers
2026-08-10,1400,stargazers
2026-08-11,1404,stargazers
2026-08-12,1405,stargazers
2026-08-13,1411,stargazers
2026-08-14,1412,stargazers
2026-08-15,1416,snapshot
2026-08-16,1417,stargazers
2026-08-17,1418,snapshot
2026-08-18,1424,stargazers
2026-08-19,1428,stargazers
2026-08-20,1429,stargazers
2026-08-21,1431,stargazers
2026-08-22,1434,stargazers
2026-08-23,1436,stargazers
2026-08-24,1436,snapshot
